{"DisplayName":"iOS 15.2","DefaultProperties":{"DEFAULT_COMPILER":"com.apple.compilers.llvm.clang.1_0","AD_HOC_CODE_SIGNING_ALLOWED":"NO","TEST_LIBRARY_SEARCH_PATHS":"$(inherited) $(PLATFORM_DIR)\/Developer\/$(TEST_FRAMEWORK_DEVELOPER_VARIANT_SUBPATH)usr\/lib","DEPLOYMENT_TARGET_SUGGESTED_VALUES":["9.0","9.1","9.2","9.3","10.0","10.1","10.2","10.3","11.0","11.1","11.2","11.3","11.4","12.0","12.1","12.2","12.3","12.4","13.0","13.1","13.2","13.3","13.4","13.5","13.6","14.0","14.1","14.2","14.3","14.4","14.5","14.6","14.7","15.0","15.1","15.2"],"GCC_THUMB_SUPPORT":"YES","TEST_FRAMEWORK_SEARCH_PATHS":"$(inherited) $(PLATFORM_DIR)\/Developer\/$(TEST_FRAMEWORK_DEVELOPER_VARIANT_SUBPATH)Library\/Frameworks $(SDKROOT)\/Developer\/Library\/Frameworks","CODE_SIGN_IDENTITY":"Apple Development","CODE_SIGNING_REQUIRED":"YES","SUPPORTED_DEVICE_FAMILIES":"1,2","ENTITLEMENTS_DESTINATION":"Signature","PLATFORM_NAME":"iphoneos","ENTITLEMENTS_REQUIRED":"YES","CODE_SIGN_ENTITLEMENTS":"","IPHONEOS_DEPLOYMENT_TARGET":"15.2","KASAN_DEFAULT_CFLAGS":"-DKASAN=1 -fsanitize=address -mllvm -asan-globals-live-support -mllvm -asan-force-dynamic-shadow","DEAD_CODE_STRIPPING":"YES"},"MinimalDisplayName":"15.2","Version":"15.2","IsBaseSDK":"YES","SupportedTargets":{"iphoneos":{"MinimumDeploymentTarget":"9.0","LLVMTargetTripleVendor":"apple","PlatformFamilyName":"iOS","LLVMTargetTripleSys":"ios","MaximumDeploymentTarget":"15.2.99","LLVMTargetTripleEnvironment":"","DeploymentTargetSettingName":"IPHONEOS_DEPLOYMENT_TARGET","BuildVersionPlatformID":"2","DefaultDeploymentTarget":"15.2","Archs":["arm64e","arm64"],"ValidDeploymentTargets":["9.0","9.1","9.2","9.3","10.0","10.1","10.2","10.3","11.0","11.1","11.2","11.3","11.4","12.0","12.1","12.2","12.3","12.4","13.0","13.1","13.2","13.3","13.4","13.5","13.6","14.0","14.1","14.2","14.3","14.4","14.5","14.6","14.7","15.0","15.1","15.2"]}},"PropertyConditionFallbackNames":["embedded"],"DefaultDeploymentTarget":"15.2","MaximumDeploymentTarget":"15.2.99","DebuggerOptions":{"SupportsViewDebugging":"YES"},"CanonicalName":"iphoneos15.2","CustomProperties":{}}