{"DisplayName":"iOS 13.5","DefaultProperties":{"DEFAULT_COMPILER":"com.apple.compilers.llvm.clang.1_0","AD_HOC_CODE_SIGNING_ALLOWED":"NO","TEST_LIBRARY_SEARCH_PATHS":"$(inherited) $(PLATFORM_DIR)\/Developer\/$(TEST_FRAMEWORK_DEVELOPER_VARIANT_SUBPATH)usr\/lib","DEPLOYMENT_TARGET_SUGGESTED_VALUES":["8.0","8.1","8.2","8.3","8.4","9.0","9.1","9.2","9.3","10.0","10.1","10.2","10.3","11.0","11.1","11.2","11.3","11.4","12.0","12.1","12.2","12.3","12.4","13.0","13.1","13.2","13.3","13.4","13.5"],"GCC_THUMB_SUPPORT":"YES","TEST_FRAMEWORK_SEARCH_PATHS":"$(inherited) $(PLATFORM_DIR)\/Developer\/$(TEST_FRAMEWORK_DEVELOPER_VARIANT_SUBPATH)Library\/Frameworks","CODE_SIGN_IDENTITY":"Apple Development","CODE_SIGNING_REQUIRED":"YES","SUPPORTED_DEVICE_FAMILIES":"1,2","ENTITLEMENTS_DESTINATION":"Signature","PLATFORM_NAME":"iphoneos","ENTITLEMENTS_REQUIRED":"YES","CODE_SIGN_ENTITLEMENTS":"","IPHONEOS_DEPLOYMENT_TARGET":"13.5","KASAN_DEFAULT_CFLAGS":"-DKASAN=1 -fsanitize=address -mllvm -asan-globals-live-support -mllvm -asan-force-dynamic-shadow","DEAD_CODE_STRIPPING":"YES"},"MinimalDisplayName":"13.5","Version":"13.5","IsBaseSDK":"YES","SupportedTargets":{"iphoneos":{"MinimumDeploymentTarget":"8.0","LLVMTargetTripleSys":"ios","MaximumDeploymentTarget":"13.5.99","LLVMTargetTripleEnvironment":"","LLVMTargetTripleVendor":"apple","BuildVersionPlatformID":"2","DefaultDeploymentTarget":"13.5","Archs":["arm64e","arm64"],"ValidDeploymentTargets":["8.0","8.1","8.2","8.3","8.4","9.0","9.1","9.2","9.3","10.0","10.1","10.2","10.3","11.0","11.1","11.2","11.3","11.4","12.0","12.1","12.2","12.3","12.4","13.0","13.1","13.2","13.3","13.4","13.5"]}},"PropertyConditionFallbackNames":["embedded"],"DefaultDeploymentTarget":"13.5","MaximumDeploymentTarget":"13.5.99","DebuggerOptions":{"SupportsViewDebugging":"YES"},"CanonicalName":"iphoneos13.5","CustomProperties":{}}